<?xml version="1.0" encoding="UTF-8"?>
<root>
  <item name="com.yhao.floatwindow.FloatWindow.B com.yhao.floatwindow.FloatWindow.B setHeight(int, float) 0">
    <annotation name="android.support.annotation.IntDef">
      <val name="value" val="{com.yhao.floatwindow.Screen.width, com.yhao.floatwindow.Screen.height}" />
    </annotation>
  </item>
  <item name="com.yhao.floatwindow.FloatWindow.B com.yhao.floatwindow.FloatWindow.B setMoveType(int) 0">
    <annotation name="android.support.annotation.IntDef">
      <val name="value" val="{com.yhao.floatwindow.MoveType.fixed, com.yhao.floatwindow.MoveType.inactive, com.yhao.floatwindow.MoveType.active, com.yhao.floatwindow.MoveType.slide, com.yhao.floatwindow.MoveType.back}" />
    </annotation>
  </item>
  <item name="com.yhao.floatwindow.FloatWindow.B com.yhao.floatwindow.FloatWindow.B setWidth(int, float) 0">
    <annotation name="android.support.annotation.IntDef">
      <val name="value" val="{com.yhao.floatwindow.Screen.width, com.yhao.floatwindow.Screen.height}" />
    </annotation>
  </item>
  <item name="com.yhao.floatwindow.FloatWindow.B com.yhao.floatwindow.FloatWindow.B setX(int, float) 0">
    <annotation name="android.support.annotation.IntDef">
      <val name="value" val="{com.yhao.floatwindow.Screen.width, com.yhao.floatwindow.Screen.height}" />
    </annotation>
  </item>
  <item name="com.yhao.floatwindow.FloatWindow.B com.yhao.floatwindow.FloatWindow.B setY(int, float) 0">
    <annotation name="android.support.annotation.IntDef">
      <val name="value" val="{com.yhao.floatwindow.Screen.width, com.yhao.floatwindow.Screen.height}" />
    </annotation>
  </item>
  <item name="com.yhao.floatwindow.IFloatWindow void updateX(int, float) 0">
    <annotation name="android.support.annotation.IntDef">
      <val name="value" val="{com.yhao.floatwindow.Screen.width, com.yhao.floatwindow.Screen.height}" />
    </annotation>
  </item>
  <item name="com.yhao.floatwindow.IFloatWindow void updateY(int, float) 0">
    <annotation name="android.support.annotation.IntDef">
      <val name="value" val="{com.yhao.floatwindow.Screen.width, com.yhao.floatwindow.Screen.height}" />
    </annotation>
  </item>
</root>

